radius,texture,perimeter,area,smoothness,compactness,symmetry,fractal_dimension,diagnosis_result
23.0,12.0,151.0,954.0,0.143,0.278,0.242,0.079,M
9.0,13.0,133.0,1326.0,0.143,0.079,0.181,0.057,B
21.0,27.0,130.0,1203.0,0.125,0.16,0.207,0.06,M
14.0,16.0,78.0,386.0,0.07,0.284,0.26,0.097,M
9.0,19.0,135.0,1297.0,0.141,0.133,0.181,0.059,M
25.0,25.0,83.0,477.0,0.128,0.17,0.209,0.076,B
16.0,26.0,120.0,1040.0,0.095,0.109,0.179,0.057,M
15.0,18.0,90.0,578.0,0.119,0.165,0.22,0.075,M
19.0,24.0,88.0,520.0,0.127,0.193,0.235,0.074,M
25.0,11.0,84.0,476.0,0.119,0.24,0.203,0.082,M
24.0,21.0,103.0,798.0,0.082,0.067,0.153,0.057,M
17.0,15.0,104.0,781.0,0.097,0.129,0.184,0.061,M
14.0,15.0,132.0,1123.0,0.097,0.246,0.24,0.078,B
12.0,22.0,104.0,783.0,0.084,0.1,0.185,0.053,M
12.0,13.0,94.0,578.0,0.113,0.229,0.207,0.077,M
22.0,19.0,97.0,659.0,0.114,0.16,0.23,0.071,M
10.0,16.0,95.0,685.0,0.099,0.072,0.159,0.059,M
15.0,14.0,108.0,799.0,0.117,0.202,0.216,0.074,M
20.0,14.0,130.0,1260.0,0.098,0.103,0.158,0.054,M
17.0,11.0,87.0,566.0,0.098,0.081,0.189,0.058,B
16.0,14.0,86.0,520.0,0.108,0.127,0.197,0.068,B
17.0,24.0,60.0,274.0,0.102,0.065,0.182,0.069,B
20.0,27.0,103.0,704.0,0.107,0.214,0.252,0.07,M
19.0,12.0,137.0,1404.0,0.094,0.102,0.177,0.053,M
9.0,13.0,110.0,905.0,0.112,0.146,0.2,0.063,M
19.0,27.0,116.0,913.0,0.119,0.228,0.304,0.074,M
10.0,24.0,97.0,645.0,0.105,0.187,0.225,0.069,M
16.0,24.0,122.0,1094.0,0.094,0.107,0.17,0.057,M
15.0,15.0,102.0,732.0,0.108,0.17,0.193,0.065,M
11.0,16.0,115.0,955.0,0.098,0.116,0.174,0.061,M
11.0,22.0,125.0,1088.0,0.106,0.189,0.218,0.062,M
23.0,26.0,78.0,441.0,0.111,0.152,0.23,0.078,M
20.0,18.0,113.0,899.0,0.12,0.15,0.225,0.064,M
11.0,21.0,128.0,1162.0,0.094,0.172,0.185,0.063,M
16.0,23.0,107.0,807.0,0.104,0.156,0.2,0.065,M
10.0,13.0,110.0,870.0,0.096,0.134,0.19,0.057,M
18.0,12.0,94.0,633.0,0.098,0.11,0.189,0.061,M
21.0,11.0,83.0,524.0,0.09,0.038,0.147,0.059,B
11.0,15.0,96.0,699.0,0.094,0.051,0.157,0.055,M
10.0,14.0,88.0,559.0,0.102,0.126,0.172,0.064,M
24.0,16.0,86.0,563.0,0.082,0.06,0.178,0.056,M
19.0,27.0,72.0,371.0,0.123,0.122,0.19,0.069,M
11.0,11.0,128.0,1104.0,0.091,0.219,0.231,0.063,M
15.0,21.0,87.0,545.0,0.104,0.144,0.197,0.068,M
10.0,15.0,85.0,532.0,0.097,0.105,0.175,0.062,M
18.0,11.0,124.0,1076.0,0.11,0.169,0.191,0.06,M
22.0,12.0,52.0,202.0,0.086,0.059,0.177,0.065,B
20.0,14.0,86.0,535.0,0.116,0.123,0.213,0.068,M
20.0,21.0,78.0,449.0,0.103,0.091,0.168,0.06,B
25.0,11.0,87.0,561.0,0.088,0.077,0.181,0.057,B
19.0,25.0,75.0,428.0,0.086,0.05,0.15,0.059,B
19.0,22.0,87.0,572.0,0.077,0.061,0.135,0.06,B
25.0,15.0,76.0,438.0,0.083,0.048,0.187,0.061,B
14.0,26.0,120.0,1033.0,0.115,0.149,0.209,0.063,M
18.0,25.0,97.0,713.0,0.091,0.071,0.162,0.057,M
18.0,13.0,73.0,409.0,0.095,0.055,0.192,0.059,B
10.0,19.0,126.0,1152.0,0.105,0.127,0.192,0.06,M
17.0,20.0,96.0,657.0,0.114,0.137,0.203,0.068,M
22.0,15.0,83.0,527.0,0.081,0.038,0.182,0.055,B
23.0,26.0,54.0,225.0,0.098,0.053,0.168,0.072,B
15.0,18.0,65.0,312.0,0.113,0.081,0.274,0.07,B
25.0,15.0,55.0,222.0,0.124,0.09,0.183,0.068,B
12.0,22.0,96.0,646.0,0.105,0.201,0.195,0.073,M
24.0,17.0,59.0,261.0,0.077,0.088,0.234,0.07,B
16.0,19.0,83.0,499.0,0.112,0.126,0.191,0.066,M
11.0,21.0,97.0,668.0,0.117,0.148,0.195,0.067,M
12.0,13.0,60.0,269.0,0.104,0.078,0.172,0.069,B
18.0,12.0,72.0,394.0,0.081,0.047,0.152,0.057,B
16.0,17.0,59.0,251.0,0.107,0.141,0.211,0.08,B
17.0,21.0,81.0,503.0,0.098,0.052,0.159,0.057,B
21.0,18.0,124.0,1130.0,0.09,0.103,0.158,0.055,M
9.0,26.0,59.0,244.0,0.098,0.153,0.19,0.09,B
21.0,12.0,114.0,929.0,0.107,0.183,0.193,0.065,M
22.0,25.0,90.0,584.0,0.101,0.128,0.166,0.066,M
18.0,13.0,79.0,471.0,0.092,0.068,0.172,0.059,B
21.0,18.0,104.0,818.0,0.092,0.084,0.18,0.054,M
10.0,17.0,88.0,559.0,0.129,0.105,0.24,0.066,B
11.0,21.0,120.0,1006.0,0.107,0.215,0.215,0.067,M
16.0,18.0,144.0,1245.0,0.129,0.345,0.291,0.081,M
22.0,16.0,83.0,506.0,0.099,0.095,0.172,0.06,B
10.0,18.0,74.0,402.0,0.11,0.094,0.184,0.07,B
17.0,21.0,86.0,520.0,0.108,0.154,0.194,0.069,B
10.0,15.0,172.0,1878.0,0.106,0.267,0.183,0.068,M
20.0,14.0,129.0,1132.0,0.122,0.179,0.163,0.072,M
25.0,21.0,77.0,443.0,0.097,0.072,0.208,0.06,B
14.0,13.0,121.0,1075.0,0.099,0.105,0.213,0.06,M
19.0,26.0,94.0,648.0,0.094,0.099,0.208,0.056,M
19.0,11.0,122.0,1076.0,0.09,0.121,0.195,0.056,M
11.0,11.0,80.0,466.0,0.088,0.094,0.193,0.064,B
12.0,23.0,96.0,652.0,0.113,0.134,0.212,0.063,B
23.0,27.0,95.0,663.0,0.09,0.086,0.169,0.059,B
10.0,12.0,100.0,728.0,0.092,0.104,0.172,0.061,M
14.0,14.0,85.0,552.0,0.074,0.051,0.139,0.053,B
10.0,17.0,87.0,555.0,0.102,0.082,0.164,0.057,B
22.0,26.0,100.0,706.0,0.104,0.155,0.186,0.063,M
23.0,16.0,132.0,1264.0,0.091,0.131,0.21,0.056,M
22.0,14.0,78.0,451.0,0.105,0.071,0.19,0.066,B
19.0,27.0,62.0,295.0,0.102,0.053,0.135,0.069,B
21.0,24.0,74.0,413.0,0.09,0.075,0.162,0.066,B
16.0,27.0,94.0,643.0,0.098,0.114,0.188,0.064,M
21.43963346717504,12.703492660633032,113.83013340343443,924.4316630531181,0.10733931197134193,0.1817476961162017,0.1944239074090024,0.06433795506638841,M
10.818693762036329,10.907588235609149,128.5566130275742,1102.5787798809627,0.09187764666747833,0.21976958175583794,0.23250539240401621,0.06373169932976679,M
11.81406060282303,21.797000640945303,96.48901655192627,626.3952668556256,0.10543544963409499,0.20621932522387795,0.19344463473805798,0.07361277799982499,M
17.84246448366777,11.663065000983382,97.32476099431051,647.8844964932836,0.09820141858457136,0.11456322092397925,0.19128869016046193,0.06051148664682662,M
16.051857878946524,14.421991294027471,85.13200557592494,520.5376877032545,0.1078247423507409,0.1224271423481131,0.19809027998361836,0.06792312003252676,B
16.974310583118434,21.163812310588423,86.77173553490177,492.46489961546723,0.10763774366716973,0.15570173985620667,0.19537060254627078,0.06812113958768513,B
17.247839838197244,15.322695141210994,103.21974510758942,788.3181550330428,0.09704020092790695,0.12973419726396626,0.18313841342695386,0.06092931041863655,M
14.093623075035964,26.31902058369547,121.70075320434965,1023.9505912689033,0.11418602492498696,0.1479111799015194,0.20783035558792792,0.06360307948263223,M
25.06785067131547,14.686816174079553,55.16927368180758,227.76376683531927,0.12403273293126961,0.09036963916392246,0.18291480875624283,0.06717362857073657,B
12.381858563849079,12.950644818159901,61.38341250685902,272.34248632502516,0.10315628586547779,0.07797436565992376,0.17163852626045295,0.06840777443186866,B
14.0700609284365,13.690826248497183,85.85661567487881,556.3477599758536,0.07442593110673852,0.05295411734256001,0.13957408953624484,0.054105643314848746,B
16.157381218024025,24.337154179841463,121.51782738633892,1080.792583379415,0.09451910155193373,0.10953556898953738,0.16920462056596164,0.05703745861427157,M
24.723512792784245,11.253480410530976,84.96502006939376,498.4132568621609,0.11891994058112183,0.24015745900255256,0.20116317087778998,0.08233475524380496,M
20.9658232310603,10.79936363409142,83.90180431448998,496.81915007779855,0.09043774611237129,0.04307843969954635,0.14836038666053977,0.059408437998495954,B
9.851129508268453,24.509737739683377,96.25530535171535,640.8759194143196,0.1042660600099651,0.18691375831679502,0.22814252893856538,0.06895244392216854,M
20.080578284109436,13.575012907140536,128.4491344609594,1131.536397711813,0.12275340840864839,0.17960514171917535,0.16319340531022178,0.07240206933796901,M
18.855519404369943,27.03351418143569,116.51792071082062,908.2103962305943,0.1192631756937597,0.23233539818605461,0.30382624792642476,0.07385126272701698,M
17.734295741448197,24.779841768280743,97.69454652971322,689.913160211026,0.09131803395780318,0.07598422100560344,0.15720315978642996,0.05715439174423082,M
17.083203423031605,20.962650642939384,80.91764020987623,554.1276443165334,0.09736690120160268,0.0567346783621318,0.1582725822105304,0.05706477614206206,B
19.109955718714872,12.039423217364266,136.23395087881877,1402.281798823923,0.09318286068277784,0.10244472977906077,0.1803815229149644,0.052981227008132625,M
22.072098539665223,15.810379034857505,83.92370554958879,493.72325823001705,0.0986612173222561,0.09666927874664387,0.17265291625553056,0.060202766572892266,B
21.793899518959375,25.198074808114935,88.86883606734759,561.1162878567584,0.10067961071528285,0.12448082941387165,0.16501004272914124,0.06559821840188002,M
25.204461643588136,25.18806668584004,82.79782072754348,484.85941740612304,0.1294519080089865,0.16823063917148137,0.20800183057083863,0.07521599159467529,B
21.66932364890705,13.935333621264338,77.97711233046327,448.0586565549179,0.10451391226312137,0.07254420954184167,0.19027213554681385,0.066309089175335,B
10.509114563006746,16.768247175861116,86.61272999016592,582.1780037896197,0.1297296556378561,0.10456304195085203,0.2407179905234512,0.06603340107674627,B
10.967334081108156,14.8399954486347,96.22758048884666,663.9791063999435,0.09451398169521139,0.05338767028509395,0.15663816660299965,0.05420427250326987,M
17.051358028352485,10.922385526806014,84.26512230598439,542.179650606159,0.09876847951824808,0.07788545364783434,0.18756165518969248,0.057563789242073,B
18.955927910900478,26.217024271507082,94.22336612933435,643.2833450675611,0.09469274923798973,0.10152202896394137,0.20976869645672727,0.05622263130592248,M
10.640785878649039,11.251596396934536,128.42476888569414,1131.064748733961,0.09092907317797454,0.22063891056630494,0.2311095635892512,0.06255654620585369,M
20.396053526097678,13.683799625860427,129.9479797937705,1115.7605746650684,0.12262718716550398,0.18613044295057077,0.16622673657630743,0.07151359334006248,M
11.836257006120263,21.53022362337708,104.49163067864438,753.4403139267673,0.08475318981035367,0.09613969173620053,0.1852356516382692,0.05298266269910535,M
23.058227158583147,25.745800743849713,53.777864709461376,212.3630943929818,0.09730585234183393,0.0554431013753536,0.16719263275026103,0.07183235214193816,B
23.08433177133952,12.250740173849355,151.05879716899395,955.8883946850806,0.14280747968885385,0.2774471285714012,0.24284666556707407,0.07870031615646327,M
19.127903336411233,10.555583421099405,122.79872388051443,1096.8530342814431,0.09085061127273451,0.12085523250925694,0.19446754225403667,0.056490249388521284,M
21.285226368037407,18.283036363086886,105.03391117540556,806.9576236151186,0.09119526758219285,0.08511082239172107,0.1838076192847169,0.05510853615425497,M
11.885010919484733,13.207998424026062,92.03341461275674,583.1467434185953,0.11302685637212027,0.22664178119547027,0.20539782664664524,0.07788081972022072,M
8.999800099337081,12.769414120421276,134.41715393569734,1332.3141864152487,0.14356004921459103,0.07967866592605459,0.18024683424461863,0.05692116214373997,B
11.656929465666563,22.12653326799899,94.57639951380484,657.0880321359947,0.10422143252465951,0.2039181609941168,0.1954539320095466,0.07239058421541043,M
24.86454046414235,15.03208456975056,75.44947295291504,436.4725814482686,0.08327711190356978,0.05257903954883839,0.1888952376916979,0.06073047867745525,B
11.108957440600477,20.98290472007868,126.49428405122404,1157.0117033240517,0.09395608765823382,0.1736015112841161,0.18463073699430582,0.06296852813305887,M
24.185563726404585,20.871914509788315,102.57710689635678,779.8411063203184,0.08178590369639697,0.06420498946748217,0.15619495912365494,0.05722308848289197,M
15.981048287864754,18.76591297232547,82.51531907765582,486.9005789764084,0.1116398835462883,0.1286613149022735,0.190020837651354,0.06612747727816344,M
21.78966760450631,14.296862454965098,79.0031025535101,441.88869707762194,0.10478800075084824,0.0721389707863049,0.18763240235013365,0.06615935557605801,B
19.224195176581944,11.246694284163397,122.22386008792145,1064.3512990630159,0.09036305347588759,0.12439517247260318,0.19477603028794724,0.05617830490110379,M
24.761932627581956,20.738743227081958,77.4145882648563,420.2736023313202,0.09816436430824632,0.07390509501737182,0.20881470697381405,0.060088330354523045,B
10.382807623518085,17.0902439337207,86.01718398523353,538.1245219353287,0.10251070054424097,0.08010800165845854,0.16293123592124464,0.05765220718283298,B
25.146650147241832,15.077389602592282,77.59675027388863,434.7121515802085,0.08274986417532366,0.04803067467880407,0.18738043387550768,0.06013483685443591,B
10.086114084684786,13.793352340483517,87.93125529472363,573.7047548648338,0.10207661917450132,0.12217550076541615,0.17248677466747095,0.06393575207167176,M
15.983986192167293,13.545078794500668,85.31895388136888,521.7841809701156,0.10758131513841718,0.12710516082510934,0.19641583265700246,0.06803953089693403,B
24.80145434763963,15.271658163529715,76.89360067988243,436.71592739847785,0.08179916835176106,0.048584111709828154,0.18455692077820204,0.06093080627694568,B
17.346137766100057,14.805887356949656,103.72140791534207,788.1659959861955,0.0971127439424467,0.13208191720094783,0.18489470088592025,0.0613492595413909,M
20.882466677106603,11.929760313423266,113.91298760441454,933.3554149825472,0.10801279878399642,0.18148081222433274,0.1943872080740762,0.06495677592500566,M
16.803867628217045,11.150201566361254,88.16198808541473,582.6429010422092,0.09685488646778005,0.08167813094783655,0.18782399962195068,0.057795405230620475,B
15.066673657358765,13.890190404858581,107.91281034443118,762.9251230418683,0.11682437104890092,0.20142880904951083,0.218751925420127,0.07318701474818172,M
23.55870608930776,26.914432179026786,94.8454370949397,664.6967789768712,0.0903146246497994,0.08618044174416202,0.1712862804933106,0.059539877380243474,B
8.890590413011008,26.216341912399475,61.11415037148288,245.45842953019775,0.0982714730939534,0.1481333889643009,0.19172654808745487,0.0897847233296728,B
12.05600933327994,12.98679056501747,62.501970032843445,274.0283961504884,0.10293111351786316,0.07109417808243465,0.17132503159338905,0.06913847191294445,B
15.041616164066243,18.002684611951302,66.28254843802632,310.9284461237244,0.11456966098548652,0.07872296852751273,0.27381224616397404,0.06998346673719504,B
14.815922832797302,13.825735841720425,106.62710788678568,825.2904944558034,0.1168306115903346,0.20187615447593388,0.2154745019757799,0.07427070444899003,M
16.923935668778906,21.271533095919526,81.37623106374596,511.67064219652434,0.09663657984958979,0.05215289146636842,0.16041365641218802,0.05673854792448488,B
23.59522380925011,16.035552514749412,85.07080256037835,584.3829843447954,0.08146943090622877,0.060554289245271405,0.17816395338965965,0.055583997672825694,M
16.077079023042415,27.15446009559863,93.53294329973424,665.0580170907214,0.09774795173722099,0.11399989095150552,0.1881631608738062,0.06371912085585689,M
9.756464876884126,17.12979884699884,87.0618895136969,540.4423703536153,0.1299543885433888,0.10600795152580683,0.23985375878256154,0.06577628391427896,B
17.08950043678935,23.692273628920276,58.46877558101355,271.159950158578,0.10266309512708506,0.05982098101311104,0.18435876611859667,0.06977811251320797,B
9.810203937092574,23.858942688887428,95.73475972634292,644.4209447829446,0.104473910147776,0.19001012454203312,0.22794092705005817,0.06929197038158624,M
16.01552365312682,16.501418986636075,58.38743642030695,259.63877285964946,0.10757906275073992,0.14563414601958277,0.21111543210827702,0.080544304900489,B
10.11528359374818,13.209614927686456,109.06760932868232,856.0725747299125,0.09522632801878707,0.1372478563647763,0.19082317432540177,0.05763650577184127,M
9.968843510291565,13.57525124210119,109.21764015859742,851.670366991358,0.09536244641880685,0.1336472771574215,0.18972863343290314,0.056903452532231495,M
11.060641705625923,15.832803213281485,114.59950936497292,962.8967000132544,0.09833962925466716,0.11338992532677236,0.17590138944419875,0.06160531839958037,M
16.818808142676435,20.585930452669547,84.75347282142452,504.08058481303823,0.10929381660209021,0.15332578156602739,0.19331163822324945,0.068351575490679,B
25.429981671058677,20.86421589843511,77.9583645116737,435.8659291911653,0.09821702099132164,0.07024760055846022,0.20867161236086035,0.05993426747470393,B
17.724637649446752,12.847164784661189,80.63115337781875,454.6200647786489,0.09268454190006997,0.06990486963705637,0.17323348523954626,0.05895353883378699,B
9.965846488245868,15.008058013447432,86.92603385729386,537.4562162556241,0.09705023688893898,0.10450339385311318,0.1736570624486241,0.06216966463016812,M
22.903507738347276,25.58756812052142,54.28587856388083,210.01310937429906,0.09864631677219386,0.052283572038905116,0.16727248147069404,0.07238084868206447,B
15.21713969195985,13.984815190638074,107.31401829836949,814.113914013039,0.11769605236262588,0.19870381952327595,0.2146741392353637,0.0742017314296405,M
16.95309124928689,23.99073968766825,61.733762058606786,266.4676729853399,0.10219986011369123,0.06374369410032157,0.18172800349204263,0.06862940138940211,B
9.027959255912263,12.51206559482308,111.23004335341315,917.935076746057,0.11269334036049264,0.1456529612797776,0.1986238016587477,0.0625810842335541,M
9.878656549664745,14.911362329662927,92.89341700655923,692.3965532299032,0.09933615288647568,0.07320536142259654,0.16017572526139004,0.058802955965117726,M
12.187178862233209,12.977701410815381,94.27192057797053,588.4919067025645,0.11335889668098,0.23188189847614674,0.2064760500909864,0.07650978464344951,M
14.96334421797122,20.75358257201111,87.92388854905072,549.4269142228936,0.10480594523236673,0.1502713830775893,0.19677059227050814,0.06716992667353902,M
8.795549459682166,12.992943460769421,132.03703305143046,1308.7722017521962,0.1423618940702117,0.07848005346154628,0.17944378777330017,0.05671669184709567,B
18.973190653898204,26.622899673637228,73.22433801635715,362.1550554703155,0.12111984762149919,0.12337846827209009,0.19087053861019582,0.06879264574638917,M
25.046791981300302,10.796421104920315,85.09602315382277,463.01842908027925,0.11985616387319205,0.23753874346021198,0.20363459389913588,0.08276752043134057,M
15.983596262080598,17.94634274261947,144.82363867424658,1240.5542608333674,0.12837530828365995,0.3401778336734453,0.29140110346180326,0.081047758567815,M
18.131806091849946,11.688338539244048,124.03042963327518,1090.2802459194622,0.11001802434023662,0.1642097176176331,0.19196120810980366,0.060336002215159196,M
15.786187588215835,16.970571455764887,60.45751547267017,232.3483063379176,0.10686848275988341,0.1429977826258418,0.20878004598437339,0.0791687583866072,B
14.217864055206388,14.657877935092468,129.86410865749409,1090.954892639973,0.09756564674488992,0.24074091150592275,0.2393284883897559,0.07731251206676804,B
23.948716854629804,16.0712977614412,84.08429113919753,540.7119688799726,0.08210506111085039,0.05908775686218522,0.17865328215235998,0.05638270692027676,M
19.037770671441546,24.947198399657417,77.51961005039048,429.6999058543496,0.08571761701806135,0.047678396360248496,0.15112884349256822,0.05893984418523823,B
15.964826588322195,17.28385048052114,60.3343437936087,256.24302485464915,0.10699122594199836,0.14078896526218632,0.20923166246801142,0.07971963799917349,B
19.1864723091205,25.73685503424942,94.86671379796867,627.2883304235937,0.09375780899921891,0.10654240588924167,0.2096502141263895,0.055884488983646105,M
8.994066722602078,26.53356610488953,57.81323647921973,252.22734665692806,0.09836012724066993,0.15133861706028517,0.19288344721969028,0.09049124314451712,B
21.34653046580722,18.465772300203035,104.88256709535372,819.8564966223212,0.09135364006662919,0.08653669107162108,0.1795619420336974,0.05341304902802527,M
21.002688463524155,23.946987469590628,73.35600683990697,385.48451270558104,0.09113627118863242,0.07385717527027359,0.16207990375721867,0.06664687149296614,B
14.777581954181077,17.943448776623537,89.53275691891847,588.1147056268076,0.11889061091084727,0.16580343560785615,0.22025426605572346,0.07428084575486071,M
16.82279291522676,21.22859150887021,84.97157221480914,537.5424064233191,0.10766342986860349,0.1538801773367693,0.19258818992800925,0.06918541637323807,B
21.498921535408076,10.89133208903829,83.62693979952745,511.2283492539807,0.08948661586303462,0.049542208544463597,0.14686463007760384,0.059090049072737745,B
10.948835253322777,16.096115793964373,116.58446474596192,945.8432487937744,0.09851849615301941,0.11631171809157645,0.1727463725308238,0.061343144210543876,M
9.677675640702883,12.834648815102847,110.00398810482166,882.9825017787693,0.0972390229774125,0.13435982399466062,0.19199047372362912,0.05689889259763406,M
9.982523419906613,23.9205911091497,95.04481251954273,640.0541508502043,0.10511700418838497,0.19141120071176052,0.22318214396645059,0.0684179060262506,M
17.819629725384832,11.192866815381805,123.53244904248022,1092.1857490865846,0.10990295859367645,0.16844237252290553,0.1925100786680913,0.05982918811816472,M
9.9668973136929,15.025630707576031,173.30309735557776,1871.8162812771923,0.1057464478779187,0.26917002690856484,0.18053738458696367,0.06746537367024114,M
23.181778229092544,27.18436012534642,94.78187144963374,659.3849550057323,0.0909716338253115,0.08912992869475302,0.16980970712149498,0.05917324065570524,B
25.051343493988597,15.283490388269113,55.83417202133241,254.0962379297055,0.12412047850843123,0.08623876936806331,0.18297247825579924,0.06857024951841535,B
10.026222587274514,15.25215102608079,85.12910969425495,500.91747091885105,0.0967465785628567,0.10707906097506507,0.1758488430753271,0.062110132997869744,M
19.904430251720257,13.877703316793145,88.70356740089858,503.82114705365234,0.11703724716044864,0.1262202137033805,0.213854995256453,0.06807749178087154,M
11.057742096722745,20.350503354094315,98.92350138610536,678.1752747210787,0.11566936235110994,0.15045084808576903,0.19407709385148836,0.06671825889640236,M
19.145061229677683,26.64821549698059,74.41851977873807,364.7012629296628,0.12260966219373075,0.11747432461208866,0.18929511020656928,0.0690341949153486,M
9.719848063325829,23.80289449999077,97.28908553985092,648.4920404371114,0.1047294916341915,0.18500262698320852,0.22702684376413185,0.06777078409382963,M
13.957635023777497,15.341865783310245,131.18826264036977,1117.615592484933,0.09671198734378576,0.24154749290516475,0.23974962921853074,0.07799427078917696,B
15.789006589490473,18.897947590959454,83.20987413135677,511.60554611319753,0.11168511045089805,0.12429521887352216,0.19104972392496639,0.06579921351969523,M
16.8567958150875,23.853905436194754,60.2183186339696,247.84127232962257,0.10125141623986328,0.061715084821987024,0.18386408549714242,0.06958120169932829,B
11.131282035103657,15.204154034809841,96.6528537283307,700.3351409678318,0.09417483810003664,0.0480512763932215,0.15796122082236666,0.0547784508418854,M
14.679013759800432,18.1958738867495,90.93619321937356,544.3723899601661,0.1194526244513089,0.16280055335678545,0.22118553844611163,0.0754344188248323,M
11.07552538568603,16.23044269880703,116.13305711533643,947.2812932202874,0.0969653501347805,0.11057366597259873,0.17283272394737365,0.061045819380817275,M
13.645327432709731,14.514229607500589,84.9046419966972,555.5788846851935,0.0735684314472336,0.04912698456317138,0.14056158486352463,0.05230979955841774,B
19.27059791376556,25.036377700703557,75.33220323449108,410.57737179619767,0.08498624436642557,0.051374712503743133,0.15057687253209867,0.0588730506406163,B
23.477561430302853,21.198424155131068,102.6392092943217,780.7888404307112,0.08164871466932008,0.06755483577733332,0.1527886436824846,0.056243013734655865,M
25.17550612407707,25.109826364390784,84.99188021656714,480.0816601645981,0.12866763463046435,0.16736716530928097,0.20871980158315803,0.07606049338167432,B
17.14422729133348,21.00044716332771,87.06548909770268,507.8766464290664,0.10756367905149952,0.15887413943817877,0.19599731350581914,0.06943553727918222,B
20.951038757986293,18.18367338300301,102.79041169332805,846.8558276469939,0.09200033191956129,0.08729918784862853,0.17801819311745992,0.05387595249378178,M
19.92050433427607,13.820831847567929,130.5739996706983,1255.6287066164011,0.09796532374029626,0.10400841118451035,0.1587171016501891,0.05426344057083192,M
16.853731093570428,20.0929420329729,97.05789489463844,643.5065434871335,0.11287535010767728,0.1315408958893964,0.20388804607322272,0.06810274521150335,M
12.099864074709876,21.692854442016507,104.81325655993031,808.2903697770855,0.0841276164712785,0.09708412484632822,0.184594779475126,0.05327603907407472,M
18.146352744147617,11.711095557707354,92.96213436694696,603.6064697463768,0.09823123289818696,0.11633352624805256,0.18737911619662498,0.06056068030333672,M
17.18443514210105,20.810080484812293,80.73805822959456,512.697331602431,0.09794121728037712,0.05318571359389007,0.15645269948639554,0.05710454522390786,B
21.89783722582121,14.106836829663294,80.9453256309149,432.16737117716724,0.10469599001647165,0.06657982165228013,0.18938714342199775,0.06655007015430144,B
16.447694135890554,20.351368566791145,97.0778365596021,675.7308873353212,0.11499519005786432,0.13876306694224266,0.20210580151644864,0.06786357602106304,M
13.7987941039431,13.790178150029156,82.86055229823376,559.6762901236464,0.07394889207397704,0.050353682173813016,0.13736314778794387,0.05310237540802617,B
22.142622862673967,16.027213382942687,83.69370745456756,509.446870380417,0.09962080972285814,0.09337946352220232,0.17185556964155171,0.060276887688336146,B
8.974585592589515,13.031820509572645,109.85020159318911,939.6211818986208,0.11153241699309803,0.14098094221012045,0.20010582509500013,0.06323971169336122,M
14.232989752826224,15.210195044044147,133.43035051972802,1138.4680250016481,0.0957407167667902,0.24534825881155675,0.23882824836076633,0.07733940191268741,B
8.89438323225481,25.872722788842346,56.2534413793359,242.59520501671454,0.09854090867828134,0.15380320670757094,0.19203522829735387,0.09098257103517983,B
11.15794744269232,21.10997580761026,96.47883265003449,659.0167446753675,0.11735672122826145,0.14461731243187365,0.1934036122716579,0.06731348335583787,M
14.28322709940272,15.478469643748701,78.37984294907334,353.00322465882556,0.07036898646083148,0.2834069147738076,0.2599697347977286,0.09629338998447323,M
16.909028863965183,10.881460471860894,89.21162654185095,532.8859612281633,0.09732555145554561,0.08102379615021019,0.18854430195206845,0.058224223094469015,B
9.817982685937801,16.555636617090546,87.22512848407602,544.2760959648482,0.10265975388366462,0.07884173966251228,0.16180489189049324,0.05689938924411392,B
22.467668658581307,14.229901616026014,79.00139911804774,436.95542212289234,0.10503656535130043,0.07233180203372008,0.188330904303273,0.06603148409919689,B
13.839042980034966,13.138816634516807,121.50890379649462,1064.4823856826313,0.09860139539607865,0.10469822758392287,0.2135779420956311,0.06038392906426742,M
21.527666071943525,26.428475659316366,129.9535367577094,1209.9265392660132,0.12399339096317454,0.15515315266861449,0.2057283221047027,0.06056594109269891,M
15.944133192246861,25.908096447713135,120.1071998669827,1049.4946568859623,0.09512908446121461,0.10380075678301227,0.17857209030324522,0.05729154739437251,M
15.794257057669602,19.25630397214229,82.81267305656803,485.1206203417337,0.1122912656673306,0.12960249281436467,0.19093991963352466,0.06597457685460054,M
23.30695061151092,26.22742536345667,77.84359676602263,439.350347753487,0.11025978763993342,0.14800327574403943,0.22664435974748737,0.07834037941887081,M
17.94030270696895,10.830812095955652,125.38403240514006,1090.3958516303503,0.11002262557463612,0.16939572529589053,0.18740165609929865,0.060508253511266874,M
15.890690979866385,13.775793862311174,86.01333619782257,499.71060165918334,0.1077525726209618,0.12889025372915427,0.19692884082205175,0.06753755823916968,B
21.96544942109682,16.139868047548376,84.15842177513049,479.3002347615984,0.09988706800648219,0.09009793383222998,0.173549210706085,0.05992425436053905,B
14.92409394212786,17.771274447727233,66.25265416190138,321.37279827921515,0.11235906488929374,0.08195109364104991,0.2723781278817701,0.0700537072760831,B
17.833531470524427,11.42187238600432,124.20665763626081,1074.9279651374193,0.11035301907231994,0.16901917924516482,0.19067225830321963,0.06008497051220414,M
10.159597078603785,18.350192382591295,73.25041913848058,410.6549062966594,0.10971471521655987,0.09472867224728374,0.18211486389223533,0.06919585974080934,B
19.045265151138214,26.92311049638588,62.89513547583145,290.90892860258134,0.10145143165915307,0.05333331422397496,0.13179947079818569,0.06896645308696028,B
22.95405206183326,12.144154207434596,149.7772541191597,962.3640446679949,0.1422839419977961,0.2747069629251927,0.24163855690231825,0.07873744983931352,M
9.703869712318976,12.549697466722943,111.32092377169128,863.7055203734496,0.0961227376736821,0.13253400860034964,0.1905292403914253,0.056650400975193506,M
17.218550375190574,24.92906115256762,97.89085421005532,694.67252280596,0.09138188746468619,0.07261054803984937,0.1629872395572392,0.05749536048955531,M
18.8969972364516,10.744528894734644,121.48417866097179,1057.8083870815512,0.09037221329107994,0.11939078843050256,0.19358985888310506,0.05707458978887075,M
22.703306271406188,12.036864358499516,152.324400230881,983.0618588704128,0.1440795995806036,0.28367858870597384,0.2448690443484712,0.08038901695880783,M
11.076280034853085,16.349416976200335,114.73188654487744,952.3603800105532,0.09698715256887477,0.11930104100616792,0.1735313228785962,0.060639488541888276,M
22.295944777444877,15.136392674984164,84.11772755266242,529.5687244024645,0.08271789601873239,0.03959053844154143,0.18011830132693882,0.05475505042961878,B
14.825943648339278,20.913524003549522,85.88772559155825,546.7097765618659,0.10439280838926347,0.14517370810232993,0.19672174938735862,0.06795287806294271,M
17.37535792179454,23.864212307781393,58.519004853439405,277.2342975657304,0.10154289615640097,0.06399916318875162,0.1829562088160281,0.06883339075033094,B
12.08712320687303,22.837281864624146,96.68641770554638,655.9658815669986,0.11390491019854299,0.13115593319130917,0.21444533011466604,0.062275466162026394,B
17.50619864598189,11.085555157473559,85.67733127709255,566.2514246875371,0.09783053015952801,0.08067909499527141,0.18711562967423687,0.057675824588445355,B
14.192342905032335,12.994842105340323,121.03901845901149,1079.7602858735734,0.09931342869913945,0.10395826371029303,0.21213081568706232,0.06063314900961797,M
16.131444457597233,17.494012954101915,56.93410625928227,275.4804037351745,0.10615998771697881,0.14124598418475437,0.20889333881878872,0.08023618733960261,B
24.907604491671158,11.09610328926159,86.49982403774281,460.3141258564711,0.1184705754968159,0.23779007929950188,0.20137595824407004,0.08208782748684934,M
9.836875333404711,18.047647431748118,72.42560021083465,409.90006612499457,0.11001933869022322,0.0974278407418945,0.18381622998663483,0.07025399220902202,B
24.759224262148226,11.105737069702233,85.28608446777812,551.597244003836,0.08812360965414143,0.08145174771606022,0.1821474514055119,0.05680022495004348,B
25.16973040461424,20.90180334143158,77.3225779010274,422.63876311890954,0.09694117297206695,0.07386968195298693,0.20912680032693487,0.05983911295476725,B
15.17154880044539,15.047523281136403,102.79974560324808,754.1153247938674,0.1085948254013514,0.16852258856747734,0.19376485522395956,0.06553663136802769,M
20.195668211915155,27.027064324284837,102.26215955454485,675.0290527009695,0.106295971309125,0.21727568250158827,0.25454787965601106,0.07056697028850298,M
9.01164440282464,13.017575213951936,135.10359574838685,1325.626123730903,0.14390992513125178,0.08037612028847667,0.1806718469654808,0.05735314237760072,B
24.98247541499138,11.226551163174957,81.91280707132748,484.13643215601394,0.11959034208257296,0.24051732336145418,0.20284090065203894,0.08112204110680747,M
12.1614514903786,12.869582313134018,58.76038100762621,239.27402264179895,0.10337242177650591,0.07758331884369843,0.1694767285593778,0.06895579460721876,B
21.13447361763951,23.821425706791903,75.01524511893592,404.3911852604454,0.09006555167063265,0.0778988576778228,0.16308427593321362,0.06626157278798248,B
18.718624002775236,23.808073534666445,87.73475152822755,529.7346630853311,0.12818718196960016,0.19378956356006782,0.23481821767887975,0.07360811881154754,M
22.52793066915148,14.321590763536312,78.79619593519804,428.25464247215996,0.10489237497019052,0.07451948111707364,0.18930394253627136,0.06571343516391621,B
9.441440878956412,14.835867596888233,172.19287247077003,1883.968784223207,0.10608844809691549,0.268599012079546,0.18275430228040979,0.06856081618927025,M
20.799250340599425,12.174677312798599,113.30621838371313,937.8961069211125,0.1063033797210895,0.1859183881279054,0.19264225973077032,0.06602682592747632,M
18.94485332184566,24.986301506157158,74.24407901294018,418.98756479278995,0.08555091894371718,0.05186829937894366,0.1481329075200155,0.05898219497804613,B
21.974239162270703,19.14227032855369,97.75916678363173,654.5686442319004,0.1143074985502004,0.16791444503346584,0.23137082909834053,0.07090068282552904,M
9.774073077997336,19.112291326495107,125.6318519344246,1165.0071714339313,0.10617183431368088,0.13054874799831748,0.19377622047895157,0.05990068960121459,M
24.885210945089337,24.968552876780898,84.78380752502217,486.4244934982702,0.12952684928990219,0.1738661645670814,0.20883019473405054,0.07618370930379638,B
15.696042088025271,23.202659431247458,105.84465957980022,812.2316727357438,0.10286413486268048,0.15502775088602413,0.20174576942225725,0.06491043240497929,M
10.569160568038482,11.092200859051365,126.00317026433517,1100.5102439896623,0.09213584911908806,0.21830045254651986,0.2279305685993199,0.06341090176185134,M
21.381006326020973,18.083932571254707,123.17840965299054,1125.599736158182,0.09098717528511549,0.10269946544184566,0.15952136544149817,0.054964765633758524,M
9.758729314453362,17.591524416887303,73.07991379372965,401.824854853058,0.11089873146402074,0.09505279690347504,0.18379685785254568,0.0699242872235675,B
25.084267578867877,10.730916486397852,86.8914099194635,556.4965116071182,0.08737721751130705,0.07680117865153843,0.18134646056906953,0.05734916596466043,B
9.91698578137718,14.9175768573603,173.223438331417,1864.950128592735,0.10628907589507844,0.2688883015377913,0.18203379375237438,0.06838889783148003,M
22.979441712642842,12.129055577985003,151.79918625798777,967.2137162012176,0.14226048710524025,0.2771472057209177,0.24125963844689338,0.07925794857273062,M
17.245833973552873,15.124298176576385,103.89724542937003,756.5944306073922,0.09727586548625182,0.13135595472403994,0.18566132825134787,0.061134403049209377,M
10.533656198121575,11.02094902245139,126.62663605034473,1103.4114366707956,0.09033945324000181,0.21608804977761642,0.229818974083969,0.06309266849906423,M
21.883806913247348,24.79021533899196,90.68886811846316,594.1508840256785,0.10054298890383788,0.1292781779489118,0.1677429678816057,0.06636909989255843,M
14.008710220305861,14.978286747935378,132.48544379750766,1125.3025847082376,0.09848160124953238,0.24017701963960536,0.24015132673481138,0.07806333086451746,B
19.91550184267802,14.20842992229877,86.3413733617596,554.1767295611058,0.11600670650752273,0.12109788352666022,0.21260989842661634,0.06781643648839586,M
15.847979650144087,17.941611569948197,144.69079769611184,1266.5678579605392,0.12884474350178557,0.34448597583386176,0.29282306179832174,0.08144861980967305,M
18.260036608323553,12.570235491785546,79.53953335219785,475.8310771573532,0.09237067639674053,0.06006379914111313,0.17118377834534218,0.058951331308001835,B
9.355141019807595,12.972366106287598,108.81296432845775,867.6728993100526,0.11199548479774489,0.14381648159196642,0.19894702546149542,0.06360077849784553,M
9.843793558634841,16.644582470480742,98.76287489932045,682.7411039437062,0.09871321247341215,0.0736005123432247,0.15627832798325406,0.05849703414238865,M
10.090507684316044,23.8694885393218,96.72790625258139,659.773399102462,0.10480375901347826,0.1884073324141516,0.2229046530103647,0.06905162728128568,M
14.031143019779588,15.00533911589343,130.0632842946463,1112.5734522067164,0.09561968363946101,0.24608967372031565,0.23935592615817572,0.07857634579401346,B
21.229598668854713,23.98354562096893,73.72277224045078,427.5741453174692,0.09022899997479636,0.08056134683718805,0.1623487595984336,0.06598203719934258,B
16.238059719147557,25.860544073511075,119.09465314913224,1055.782037673744,0.09548359496658368,0.10770307873560421,0.17774365429843927,0.056729425251391505,M
9.706711664352643,16.98434016406429,86.21568667612242,567.4152653269581,0.10266812990202424,0.08477137679406022,0.162949268336689,0.05641047394412702,B
12.053244654918965,23.334748689521557,96.89671798054559,667.3830600864057,0.112539306619746,0.13601538159558038,0.2134430936069832,0.06245551140861156,B
18.59225115042976,25.704340763283543,92.37131729496252,634.3074263524154,0.09369141881436616,0.10176983943327066,0.20974183270508023,0.05645418349331384,M
16.166634993902537,19.124327079972193,83.11349812310317,506.20419555970335,0.11255829849404989,0.12824867936890705,0.1935054999521225,0.06592690266945408,M
19.898424577258965,20.84427184014351,78.78795753193602,464.672171157318,0.10409986754818334,0.09617181437020265,0.1641293789165535,0.06033058936016707,B
15.025250714125724,18.133135809772476,91.33405683020575,581.3113327833539,0.11834853594896656,0.16795101356936654,0.21939779373948676,0.07490055368196925,M
25.114852485497103,25.145181912217787,81.0939028642043,482.13972162191885,0.12759550675802736,0.16189901722871153,0.21086008738254133,0.07587131448972495,B
13.758897435898328,14.022551638293944,82.79631994791224,546.6984386811426,0.07367411411443389,0.051041029968299345,0.13814558925203493,0.05299117097045474,B
17.818878000419307,12.235643729067482,94.3048203137182,624.4198668186605,0.09741704180771969,0.10851846255746221,0.19046321296273652,0.061296391938792834,M
22.546497435557878,15.143792679083763,82.30938089155572,494.7934162462463,0.07983336363290842,0.033664009198146966,0.18273314372436972,0.05506891130823564,B
8.920795919352038,13.272126910354894,110.40729176067543,883.8177606951812,0.11094912673065543,0.14716921779181147,0.19860251625183653,0.06275496820885178,M
10.637626623243602,11.09280860961666,82.00738319198284,483.6289878099526,0.08876267274896496,0.09492560005874252,0.19089221750103058,0.06406182935857709,B
18.077331394500288,24.6965127925926,98.06029787556746,696.019936744531,0.09180383581968922,0.07525609116724828,0.16104786038286859,0.05677495475552149,M
10.091374595449638,13.01133722863372,108.68641811294722,882.2339332698385,0.09588303627606819,0.13481418632928416,0.1886048599441811,0.05706677264131589,M
16.20231712137169,17.952672650029715,145.01858952437374,1229.4828984471815,0.12781044768387065,0.33892303926369466,0.29087718044448896,0.08123907663775905,M
20.401256680411237,13.680034883678024,130.07096771859779,1138.462642655955,0.12164290725231064,0.17955199427559015,0.16356627342045293,0.07253683544713575,M
11.88913404809356,22.431245598688065,95.23580841511493,628.0588429486221,0.10610575016022424,0.20080192637281236,0.19580556324737233,0.07264621880277813,M
18.060300781253957,11.843973461160381,72.58080166456409,403.43372803094655,0.08127811296001736,0.05085908991030123,0.1516909472390714,0.05701139000554377,B
11.276411993747718,22.03652093492423,125.23363633158857,1098.6672561721375,0.10597913886040704,0.18314846385570438,0.2175154749562735,0.06235201481886399,M
10.198503559264257,14.154617983040186,86.99600434886939,566.0803400978475,0.10182642218846612,0.12614884514764405,0.17089367543755066,0.06357288663881006,M
17.193567863047654,19.892750093592596,95.13359624285084,644.7574334992668,0.1125385734979287,0.13786273685808934,0.20347706664828502,0.06773576487021908,M
11.282927298244966,21.510619106258318,127.06372228194772,1162.93223123904,0.09484531636891173,0.1747401734702539,0.18531297016320508,0.06361829293180368,M
18.30107601647247,11.748031412489533,139.94356326585756,1417.5194582195134,0.09498896416181084,0.10510125993743283,0.17992819055953588,0.05267225920134756,M
9.38038585636033,13.20810605112099,132.31374085550442,1306.2560368995262,0.14317014508138687,0.0798956231233953,0.17829086273935682,0.057544818225258275,B
18.785344991740615,26.942481422369866,118.44889307261465,881.3241338713594,0.1184050423781861,0.228843213079279,0.30444927916850056,0.07369257255029635,M
24.40925233801049,21.48018141844444,79.40853481518405,467.9395612906134,0.09705028253444842,0.07534097194566515,0.2073949226884329,0.060399737182329424,B
22.057486873455726,25.91521621566627,100.03667708864563,719.8853624511694,0.10418264594618708,0.152102445271753,0.18588941506463258,0.06316438909315492,M
25.462934837851154,15.020213259297204,55.629286251291575,229.8686742990126,0.12386427122930835,0.08748916505146327,0.1818930585898473,0.06889805076926336,B
19.31783132959988,26.204832772768587,93.78373522931979,660.810404457091,0.09442601163495364,0.09676743704523878,0.2082273264063683,0.055916374315502844,M
9.9473491129019,18.84513532596916,126.67943125955597,1156.1587292926533,0.1061137586391196,0.1312464538503894,0.19326066433402772,0.05978744896647244,M
18.806455496076627,27.286217875339634,73.36833793018931,357.5582791492383,0.12283998302604136,0.1214778974957067,0.19142787878823334,0.06889972641331676,M
23.126898728091707,11.84431639554413,152.6673069675511,976.1410459522167,0.14272774260460375,0.2787192673221533,0.2421917845104498,0.07856255509548683,M
24.179828579396798,16.856600863891135,58.02502818995829,260.10573042258085,0.07709474970349539,0.08746021518540802,0.23448409877959117,0.06928360675872652,B
10.140776366684062,13.004680898925445,108.92399714990346,877.7744238552548,0.09624349043300347,0.12980904609385088,0.19403203587926923,0.057473569448123984,M
22.862892874771184,15.70680309879922,132.85156506967675,1250.7251838815955,0.09207966564070151,0.12971401339098027,0.21156235628209288,0.05514181736421759,M
20.789763652179516,17.569082503738905,104.45038745375459,834.7452213116509,0.0915480245189539,0.09187504711971696,0.18053571439308927,0.05356515380360011,M
9.967206159765512,11.842145046210488,100.96075739941226,735.0524269881752,0.09234057366700728,0.10624429900112908,0.1707850540820823,0.06164571926480975,M
22.845459419348277,27.129770720247823,94.14056534712859,679.5703571079127,0.08996065393507038,0.07995403702431662,0.16915445873242765,0.05843396720992778,B
18.90100226111657,27.07043943872733,75.35642600602704,375.7775898905581,0.12396767232222773,0.12385213239746691,0.1918607386404854,0.06787178123637173,M
11.761597473906113,21.80171763253088,98.33637502849189,656.9225870037567,0.10532080459927347,0.19471363172956388,0.19567975478449745,0.07266514801181626,M
14.037972569542916,26.26451844706438,121.059226768017,1036.334494566431,0.11502191823404846,0.14292262236698766,0.20857201624610439,0.06169107790385656,M
9.671553967294447,17.10394456333052,86.77171027487385,564.4832720605009,0.10264228651282033,0.07720066218424106,0.16301171312134102,0.057012069413102114,B
23.24965589138865,26.135766369780747,77.64421511421813,449.2993205520429,0.11238501548601443,0.15411101773617597,0.22863697760278862,0.0792022531261638,M
10.34476669126793,14.295967256580035,86.25953121477271,550.0775505082904,0.10204581689557556,0.12946107063850662,0.17130954509724336,0.06378660363950223,M
20.219329131192787,13.599870175255003,87.96073708368284,527.7412078978697,0.11721725308445774,0.11785855187560458,0.2106796248709095,0.06714304520032033,M
22.667868390553725,25.807354517029182,52.54228205910431,225.19626067826906,0.09761119156202468,0.05339879528231858,0.16936616411752062,0.07135852888854628,B
16.057851927654806,17.773859077555578,143.65877467497046,1262.4809308271235,0.12789170453017254,0.34280793713111934,0.2925630215453321,0.08137735158169136,M
15.39728072158209,21.134845542638725,87.70655524444909,562.1311607118946,0.10392950939625409,0.14512218987147082,0.19786132873836612,0.06774988892149977,M
19.749984509338418,13.713807919364578,127.97393456518081,1125.583903214979,0.12210046972308689,0.17835185564030823,0.16393966685563482,0.07125185045771887,M
21.76061148197062,13.891853913536856,76.63838098631807,430.4533793324917,0.1049861826179765,0.06563756441739002,0.19045941601044822,0.06614430615497396,B
10.153124321401153,12.156394280104134,98.65855640100493,724.7813797795948,0.09388859389786457,0.10273828167132545,0.17184055491822514,0.060701136019554576,M
13.704126468573204,15.999609677104646,79.46420816241245,381.4619512035319,0.070118901016117,0.2843384912526065,0.2594689410336114,0.09667915439086892,M
24.916040903030478,10.993599795664744,85.17993955497062,502.68800793099416,0.1192312857571427,0.23714315262972363,0.20321407661584057,0.0818766381938178,M
19.840573788055643,14.192427364883969,128.89695210844505,1245.4113471692326,0.09723929919198471,0.09970765122843035,0.15848030947371963,0.05445832054099151,M
9.589698090333844,11.914987406053115,98.99775122856698,732.0398471266387,0.0913034529307841,0.10272550269158388,0.1722517743782657,0.06031783471139191,M
15.227184582142149,21.13932134084751,89.27727885749452,567.7213071546329,0.10306101499363216,0.1412681231036439,0.19736514902293872,0.06761679353016847,M
10.954575078523794,21.001065044875794,95.55995328806884,645.5077973223183,0.11593594352986474,0.1505500318495525,0.19373648280143985,0.06654557015728839,M
10.778858777657987,20.74859759706333,120.32652708862526,991.6543697625181,0.10650311568371523,0.2215693698778342,0.21249960840890658,0.06721644609569771,M
12.305468615721304,12.36039959814132,91.7732899796118,567.548807117931,0.11187931480376789,0.22859457288352233,0.2061906930177818,0.07659471797768505,M
15.966108554503997,22.52777269609637,106.43769777417344,845.3608301527895,0.10461612936595881,0.15665305744207228,0.2014608798133792,0.06505169458599577,M
11.045610543240139,16.03346955609731,116.26507113584525,957.1344854913559,0.09709719594017113,0.11825945492870271,0.17167474952057998,0.06165298674380012,M
16.072594895052582,16.769166216994137,59.774214624291595,246.66784028380525,0.10698246266485432,0.1444180832340968,0.21109584402715198,0.0796746069575922,B
20.00518180705499,26.964578190231208,103.26652975892026,706.8338733183452,0.10673233669929312,0.21591355354818223,0.25291420212679533,0.06987785695401352,M
22.583129121549053,27.763613005260208,94.44247965782164,666.8057160296913,0.08973699864842229,0.08919244335089506,0.17028049478306298,0.058739700751067124,B
18.956512931670545,11.14671567814518,121.7971004104656,1100.5422140188748,0.08935721333983059,0.12043421548629529,0.19414167598353377,0.05594505708770587,M
22.328799090894567,14.962525545808427,84.37883763259273,546.1815860923956,0.08096828183526587,0.03575866275826496,0.18240212572541328,0.05550330331854684,B
14.067942865352713,13.047654285912385,120.65260878029159,1062.1240264007145,0.09810534556578716,0.10297219219357537,0.21264172923889893,0.05973456321329943,M
8.898601529358817,26.315491189377504,59.39966431534947,241.27660600203748,0.09655530890168618,0.1547870260281152,0.19272159862702753,0.08940627856400922,B
15.114998645775021,15.177606085286818,101.49052249791946,731.4766092604706,0.10846998759315464,0.17341656086093218,0.19153295751848945,0.0651779998291339,M
14.067196055379803,14.844953639116367,131.77059051635925,1143.1835432515327,0.0962931394789084,0.24718426211027902,0.24109111736164773,0.07729867791084587,B
10.876062272125056,14.885707317495578,95.24292093235066,715.8396586398152,0.09359999817269278,0.050487323176490816,0.15495252081125982,0.05494425314800877,M
19.683546403557553,14.044557985660608,85.77387807837601,547.5823937055229,0.11672368167298608,0.1262043900073507,0.21325501755894416,0.0682149816236027,M
25.103496080823856,15.008215279020483,55.721041404043845,243.88323790636824,0.12288147948005161,0.093291267028038,0.1850763613808752,0.06816139322633809,B
16.075507644613687,18.725950832473654,82.88218970247489,508.0155168616741,0.1116673540946458,0.12756943668231063,0.1900840500357722,0.06521787525751628,M
21.260941548930084,17.995011431696476,123.9075667656711,1151.097139271253,0.0906747680455915,0.10581239908328602,0.15924279877795014,0.0560377768641702,M
14.31757547827628,13.55505572677546,120.29978456595406,1096.4054130875008,0.09990984603747702,0.10621033756075803,0.21074458556194275,0.06021609173463323,M
21.180277339712518,11.745822898130012,115.27185523958154,903.9544903778599,0.1046759838868613,0.19051002508388823,0.192630629810213,0.06444472574180461,M
12.446548947593362,12.741761580093424,60.272097160263066,256.8609270658722,0.10438944401473084,0.07592634524700084,0.17460103991598094,0.0687517789409573,B
24.515987240338838,21.003931817672246,76.51254587908345,450.0330136083853,0.09634706766950105,0.0721833462984278,0.20684796710377898,0.06041709450278168,B
20.746840134878063,11.819434384813935,115.93811127910894,934.0565770269343,0.10662068175078714,0.18089026318938956,0.19192553832756737,0.0645774492365041,M
18.096061961596973,25.08330513223004,98.18793348080307,711.5123427627066,0.09165694799978151,0.07052231107120452,0.1642325340778922,0.05694239471524715,M
14.974161501818193,15.101825229316571,102.15479343484495,724.6737765578451,0.10732218885801123,0.17062350532424195,0.19257128730563386,0.0648107915390915,M
10.319218838683051,19.235821096332074,124.28653550899976,1174.4753294071404,0.10642991473794684,0.12231238793447571,0.19175181503023858,0.0597288449765826,M
20.525413346570446,23.800265373919903,74.51694416401774,396.021775200625,0.09039977072874573,0.0764989732006683,0.1594606479853555,0.0663618013395015,B
21.788220297500914,12.136364022858368,53.311074229704325,195.37152803046368,0.08597250189034648,0.05799523767418839,0.17613640816302034,0.06528760980137367,B
16.291238487120353,26.70201414944568,93.08954024649162,697.7448489480629,0.09639576816880746,0.11411487940753406,0.18865363919017297,0.06349876018385425,M
12.108643826040975,22.250166211417383,102.79489357157554,771.3874826301039,0.08362033741370489,0.1033759861158281,0.18628065346896744,0.053307638380633536,M
14.243541190515241,15.741965400722725,77.67854301568275,400.78397869831275,0.06987579103172767,0.280975957877257,0.25883952247828124,0.09740158838572036,M
18.102528801836506,11.884486809917252,94.90860052045991,620.3440807932521,0.09805579368300286,0.10808567978978637,0.18807139313701035,0.061323618894955884,M
9.662689583138683,13.34780337461512,110.1754522987644,885.3577819997629,0.09519563245032134,0.1343453757717076,0.1917989562986365,0.0572120872506957,M
12.159854124286621,13.135320509131882,92.79889741989425,570.449838038287,0.1130431334771404,0.23045897103304658,0.20686872817577381,0.077225996493956,M
19.081411007257064,27.348414908507003,115.9061279164207,915.0148718673913,0.11876367674387624,0.23155955916108084,0.3045224602625641,0.07365315322724184,M
14.184092388274216,13.812435150187262,82.65782110272539,543.4925361306395,0.07317464026601685,0.051708457609974494,0.13941117006395196,0.05297754242909284,B
17.559984667577535,12.72859251911608,77.35283436397394,497.2925170263311,0.09220527301003659,0.07170542507274381,0.17330718197699332,0.05926554290857396,B
10.9135679415389,21.03508021924728,129.5752331217894,1162.084716776769,0.09401594544324221,0.17467806817466827,0.18454621827662696,0.06234913360117474,M
16.920659142008226,20.529524895568652,86.3190527275814,532.7057007137834,0.10867532347208618,0.1487488656462741,0.19315345811524026,0.06913579497406472,B
16.50904573260038,22.82810366568629,106.56175849478315,820.7208180191611,0.10343736591062022,0.15640760167456652,0.20025451215633194,0.06484503188872977,M
15.825061865038595,19.208369962061674,80.8429981930557,531.0322717598604,0.11226639497256617,0.12566812742179112,0.19266892596262422,0.06614630733735782,M
10.066520276659368,13.091904341812118,111.04029395920547,867.8838783340839,0.09555233505859993,0.13401665862454307,0.18900854972522763,0.05676203205405795,M
16.752263742611888,23.754844806402296,61.59315246769925,256.4779781989408,0.10178512582761069,0.062358978208010805,0.1839133486261938,0.06815707294558451,B
12.073338052603175,22.613922916942293,95.35275423026863,650.9737846213893,0.11346771152986933,0.13091189875601708,0.21329287168630573,0.06304796244945539,B
21.059377849081642,18.344479844769847,124.7274120521439,1129.1395412774773,0.08891299879345692,0.10682841981705521,0.1596319857726029,0.05477182039199934,M
17.83190863667598,11.279233789808352,123.86290054892558,1067.602340043606,0.110532883626414,0.17701166394789197,0.19076111062273415,0.059887744319621294,M
13.86362639467454,13.901389142319887,84.78325295658696,549.7725637462614,0.07321307865668313,0.04868120326618816,0.1386173718278961,0.05259609842031569,B
17.024639333307405,10.935170702633611,86.69231280837768,551.2745622662355,0.09786793649286663,0.08389532308990336,0.1887907276693105,0.057501550305112815,B
19.102481364828982,27.24891750488021,71.73172315507978,378.5544368893262,0.12393601187671636,0.11711869493081711,0.19116342332646702,0.06922985015639796,M
12.014270787281273,12.962477171461051,94.16450236691756,604.048610451105,0.11162298657905372,0.22880049256933951,0.21016928684602101,0.07665645956624115,M
23.182827949629537,15.664513927816362,133.18976727990483,1273.514209273983,0.091267621468896,0.1342155663669417,0.21041596818341884,0.05643503791888124,M
19.85852935800069,20.96832613413591,77.19798557438754,455.9881194625562,0.10426646383179401,0.09215399021418391,0.16879213341304009,0.05966074961719299,B
14.765010135302708,18.171179354919072,63.71158470663469,303.0741450299626,0.11240673625244163,0.0797315399837876,0.2717769222014094,0.07045016516153083,B
10.868770046391242,21.97863908620702,125.7161724150359,1076.5212026607433,0.10530989934166192,0.19222509798370094,0.21738540421087985,0.06227677812052939,M
13.839616726476157,15.028277998496469,131.41074118283487,1118.274811558778,0.09720926825132063,0.2442751505249012,0.23839393043458548,0.07769084100009353,B
10.080346699511738,23.926780337303292,97.26565239293679,640.9824395718654,0.10514535825764149,0.184613916679773,0.22557786140464325,0.06834193776528356,M
20.930508710307773,12.34257330583235,113.5646542261597,913.9313509968282,0.10782013688838225,0.18430752012734747,0.1940758210663519,0.06474821983184506,M
10.023251326122582,23.94526079966776,96.52501983279467,656.3964733867815,0.10604891901645734,0.1919860065672529,0.22614018803340116,0.06895409655135959,M
12.212844975739335,13.113812800762322,93.95234447408255,586.7582857009236,0.11372984967591893,0.2251293110847247,0.20562811774710774,0.07604401445370641,M
8.750890092257126,12.558024616953091,131.69986215240652,1353.034782471271,0.1433311197941865,0.07838658435726732,0.1801941367685152,0.05707969025799545,B
25.388808148633554,11.328483504683405,84.66241848186452,482.9725805658271,0.11950371584770333,0.23295753182286255,0.2038938309337272,0.08232415568123573,M
16.321455306825545,24.42964527264377,121.62292133910813,1111.0560814555413,0.09429851206358623,0.10724828982122676,0.17198642686736348,0.05649681377479694,M
16.774676977414597,19.652510049953065,97.53257423380913,650.619721222797,0.11520348200440389,0.13551224894869282,0.2013367144590912,0.06801649653338752,M
24.177415214085375,20.60338921716771,102.87747335516191,794.9246246411633,0.08197471913393096,0.06259391573617586,0.15308899876839688,0.05675022924310678,M
14.014869607647414,13.864654607083162,85.2660630568696,568.2747218660156,0.0729685212666841,0.04973520745564636,0.1392745046917875,0.05269781670542375,B
18.928279276271095,27.34111329749217,61.37826151081939,278.8870803984837,0.10180268285612853,0.05322707534075095,0.1368581076140263,0.06962527658477828,B
18.771260303334493,24.627446558741525,73.2367439996612,435.9762627220724,0.08531209701710082,0.04971758570473614,0.1502159755084619,0.05922669998103836,B
21.117607851291986,17.912849114286914,102.63827937669963,832.8716632865572,0.09176962676586278,0.08689004416741251,0.18128242154179583,0.05372342502300541,M
13.991011788915248,14.781518622543764,132.19748317837835,1092.8142118660478,0.09683802544811758,0.24510791810695276,0.23859623390702972,0.07764713951730905,B
10.867218164343939,20.757546920886547,96.79983705865568,634.0503181962326,0.11694303792328811,0.14894611524650314,0.19391404507241194,0.06713412895219212,M
17.068357689368238,20.79423304668486,80.97138431907037,527.7563685180696,0.09725798647172366,0.05517477377054991,0.16088366301079127,0.05772334412049105,B
16.083692204233532,26.123475001996876,121.96757524914833,1065.2035711625138,0.09446069346915997,0.10941890514962653,0.18037408672910415,0.0570387050687416,M
17.47657152204695,19.91624278167981,96.19135964339722,649.3331689234227,0.11507971591762826,0.13500926179633135,0.20126354183687065,0.06833270540132233,M
21.199150681385444,18.160854003422433,105.69474125654611,834.0090608289073,0.09240214568342157,0.0893544805014454,0.18214379651192325,0.05366933909301208,M
17.698437147374978,13.058048959918343,78.29468275364815,474.03375863566833,0.09373210737891273,0.06610893552736463,0.1717155634623309,0.05817794338964698,B
11.217670204738292,11.203815413475416,79.09814714140782,461.05821832456314,0.08699859578869773,0.09569316486462423,0.19423159003759893,0.06429511071026897,B
21.294530383731832,18.22847614587388,105.40226136423611,831.6825715474943,0.0925210972963308,0.08463693570414893,0.1809547117265433,0.05413312892316039,M
8.49345806776489,13.04988379367914,109.89827842975315,903.385513624733,0.11138572360393018,0.1415667312107693,0.20097175056950828,0.06307606050496624,M
14.227896797304723,26.073423981480545,118.81745628960275,1030.6201604809416,0.11422038265839143,0.14887959372014356,0.21019998024637587,0.06358393049611194,M
10.12951843467087,12.228902331045418,100.73161407581783,718.7770769669895,0.0928423211062078,0.10244855655926688,0.17403790442381323,0.0611504359878946,M
22.248041598360274,25.0546773288287,90.7601221359649,594.6697041133253,0.09980782626252989,0.13092122665530995,0.16563876657697046,0.06649937485556753,M
15.94901926436252,16.984281577882836,59.38153809740144,258.5303664576071,0.10694070847595877,0.13605880640412973,0.20913820875385156,0.07998862890897722,B
18.37814305458487,13.104497885467346,71.44458924120617,407.20411169476074,0.09545107348790996,0.0576276820281278,0.19010129434827439,0.05913352512582684,B
20.863969267407,17.994023902765075,103.76015517636976,825.6402699335875,0.09155277138424762,0.08173538770932458,0.18119995770104336,0.05377685177885413,M
16.793089697229735,21.102398848967823,87.05916584615129,500.98465991655246,0.10673492234603031,0.15320093017393765,0.19536403117630968,0.06851171308232948,B
9.565551490061987,15.260868592115136,173.41982174037094,1890.3559751849596,0.10531373609837265,0.2681408776980932,0.18425194835444794,0.06836551376002765,M
21.25040238433996,17.85293341547998,124.91828772671528,1125.7229335894772,0.09026244231813883,0.1021018855790346,0.1576329354968508,0.05535533973407619,M
25.359206158479015,20.88253358408183,75.22516053493868,465.3685628305449,0.09601108792566745,0.07391646158257252,0.20870499993101402,0.059749511173173966,B
24.873187572315345,11.417376329880662,83.7107686943729,467.3396202904313,0.11921662250848239,0.24712713351095988,0.2014396063482237,0.08215337028165685,M
9.416630307316531,17.02198332833276,86.98677022668197,543.7771576478542,0.1298347625953481,0.10300294227276431,0.2399806362359789,0.06584085000610648,B
15.182430821340006,17.647982284329565,65.57660726336141,324.8374796620844,0.11267812304047628,0.0834931161621568,0.2751799217281951,0.06999119827768319,B
9.990185672863278,18.082026120802958,73.81842835101628,422.9589621626578,0.10935500216522664,0.09877273829159455,0.18377609416424853,0.06972274158898581,B
10.129287630273005,17.07270801504802,88.52622489069387,555.7819888047441,0.12863619853162298,0.10646152110139534,0.24080245629989847,0.06684874392434388,B
16.68818843690699,11.086643375042003,86.70125333452488,555.3103667496028,0.0981548280085864,0.08452827414384304,0.1895020443616711,0.05755438476689924,B
15.742698794786937,13.905463823004279,87.0453481768255,534.7199394776064,0.10697453057835143,0.12533832502189213,0.19755526522196393,0.06859078740037199,B
21.097899399067266,18.003164886224443,122.86904808484037,1123.2828243993574,0.08972283451792193,0.10191246989801338,0.1583939082912838,0.05433765120246574,M
16.08077968295523,17.815284118861815,143.04607749834946,1247.0966179202778,0.13053303373254377,0.34922035146319863,0.29064103551912995,0.08061401736774047,M
10.36345529313395,13.546831376637106,87.30049682194523,567.2067919785211,0.10195732531189006,0.12135437392826177,0.17181236527863047,0.06337092439504223,M
12.14015278413882,21.951455816532253,104.39687337181236,780.5764562696985,0.08306985467859591,0.09666499185342187,0.18462315141839006,0.05320408420745769,M
18.717272762179476,27.106381600779503,61.031308810941646,313.4024784436282,0.10264944208802541,0.054090503657894924,0.1362720713199958,0.06883672887284836,B
25.162662531332426,20.9453883106056,76.94782669064033,436.7220276713662,0.09737048867393096,0.07210896202244405,0.20612401211671694,0.06032221650863023,B
17.029158118975143,20.649690023147237,80.0558667282543,506.88265361556904,0.09867898495019227,0.052594406056346715,0.16073529561993108,0.05732098156360488,B
19.09309580669566,27.078030770808724,62.34108260971024,318.6083548946406,0.10200811786805881,0.04673597568086352,0.13496323825543424,0.06902245924069648,B
9.106464866517346,12.84116951956356,111.51250576982986,892.2766262984854,0.11184638289961621,0.14537025944564633,0.20314902477242608,0.06320917326737123,M
18.06645672966684,10.667380392206136,123.60090881402691,1061.7493200339131,0.10933158302799593,0.16524680333118613,0.1914846445443684,0.05988696397960969,M
24.576373440436342,25.01526521262211,82.31040939484106,471.70736295880636,0.12864942042190514,0.16639947658650256,0.20873924103217098,0.0763097089356805,B
14.083824780976409,13.942521400914002,84.62108134893607,588.3012360681522,0.07353218574759877,0.051336220623935634,0.13977190005155435,0.05258827760783042,B
9.566490422041115,14.477333953824353,88.88066388426385,572.9944546454142,0.10182623500844153,0.12686538654933407,0.17394342679435812,0.06430456953919,M
16.052838666178072,13.502572247566622,84.42641906655822,534.6855566474201,0.10739581984897427,0.12328512636918952,0.19423091737045914,0.0670089472656451,B
23.08784859005519,27.41568512759577,93.56699056690015,654.8353478725753,0.0902267192053833,0.08284867295055022,0.1704146274387333,0.060111850489087106,B
15.612573122496213,18.523130939564087,82.51185353795547,486.01644458938574,0.11126449713434004,0.12666602615644237,0.18864909213791312,0.06600015522626466,M
24.052837268080832,16.675167316652974,60.93284021030157,286.050441297719,0.07725855403165623,0.08622906665200873,0.23496519097288954,0.07043134489108129,B
15.958814747170651,19.007811397583886,82.61381160466371,506.7428464013231,0.11304852313613255,0.12234693989670689,0.19075066228829962,0.06596885658017784,M
24.290394066642385,17.04634084555524,58.45892608993474,273.43281083174577,0.07600159102153066,0.08759071888016645,0.23506381627672687,0.07012524695813492,B
18.820558362657618,23.961327749333705,88.7532149296152,515.5912017952097,0.12688931843458598,0.19703700113195963,0.23381052015283274,0.07397285722481353,M
25.18733046391054,14.771452335347705,55.7036933311825,215.51635320343001,0.12342116507587636,0.08813423314577158,0.18134013318154915,0.06758063447004622,B
14.216446045552463,13.013707984456907,122.0414388213623,1056.7817160409058,0.10024339138814785,0.10418421250843823,0.21446014491010096,0.05987106586513378,M
11.368786871335947,15.835166496455672,115.9881420039586,966.1370414918654,0.09909314526708811,0.11352009402110634,0.17354652554528308,0.06165320081608433,M
16.918229513489756,14.906656507342134,100.89503612081991,793.9755231504773,0.09873390385807973,0.13028979146522418,0.18421325497454405,0.06057925442842109,M
19.48497917664446,18.39088399587689,111.81689258864446,891.9559960029288,0.11913551364193012,0.14532123826309815,0.2212810188467264,0.06375046255940547,M
21.91042948112348,18.56469720111924,96.80518683117342,677.2183223434749,0.11403882915407795,0.15824748398398988,0.22943189703763195,0.07137380758646861,M
24.95314776783725,20.821894910791663,77.14012077599205,436.97745831011196,0.09758143235242739,0.07208111625319429,0.20695550225082399,0.05906496571349426,B
14.883071431120927,18.32122185405036,66.76388499262947,306.0096925199611,0.11292071326058752,0.08052079211428087,0.27336397890897207,0.07032604844009424,B
19.761840477720227,20.708503138455168,76.90675741662949,440.75934268288745,0.1036963210356564,0.08923792167816195,0.1669071011330327,0.0601581530091552,B
9.782291950582579,26.305840574664103,58.36145606863588,261.1680483700678,0.09838520196078483,0.15170924588106457,0.19347187068896396,0.08981703229864582,B
9.171304319203676,26.05581158218257,60.24492170729024,249.8648142262959,0.09794311890389448,0.14730048004321528,0.1890027118826598,0.09075256909862445,B
24.413171114471307,16.66930744043195,58.43304160893622,231.9488285395366,0.07702894194238333,0.08895309920940114,0.23144230622784812,0.06960857831392986,B
12.088216843195367,23.051653999890263,96.39281457100786,626.0763631816532,0.11260706082065164,0.1312707178476938,0.21128756434811571,0.06303256011490639,B
25.213929674027685,24.7884078579774,84.07469663051634,471.4264527313074,0.12809910056520618,0.17440482019410616,0.21154522631151415,0.07590393013185918,B
23.761062705185285,16.000459633252397,86.34920887137935,550.9506807639635,0.08182881243331647,0.058180711674056786,0.176497942315475,0.056072211584210885,M
15.961251089754665,24.07278693659315,120.13692763935065,1074.8860754643224,0.09375954027546315,0.10590084823545745,0.1692907187939124,0.056942556339541726,M
10.939924333758901,11.09122442919623,128.14385452597836,1118.3460396861235,0.09092655883701041,0.22119917084565646,0.2319931579051401,0.06253768739252229,M
8.80145914400098,12.796044482172624,109.80165203363126,921.9803120097799,0.11390026575604183,0.14422199120357979,0.2000547071053617,0.06358349403698964,M
24.954677877986875,24.776671096810897,84.15116778000039,452.32309926144956,0.12798229560584543,0.171011289990198,0.20836558181092568,0.07603120619672149,B
16.077565571942205,18.53003471152895,83.88217585647647,502.10490915864386,0.11238363938868665,0.12480964236010716,0.19048361114942317,0.0656735646472684,M
10.169515524629686,17.679773380536655,74.18668716210557,387.2443232580601,0.10991818783505883,0.09708769623113059,0.18197661467726725,0.07044555608501936,B
23.476794609342843,25.742790706585755,77.85816802514951,454.3594849695037,0.11195316903187755,0.14920404696044848,0.232618226886601,0.07741163674266228,M
14.814042137063785,15.112839215368158,134.00329879573334,1115.90079715679,0.09627919146077744,0.24611317563747448,0.2381547009955307,0.07802315211628036,B
16.279042363103468,17.06446414464091,59.29408998805187,265.7853362727678,0.10585477156049815,0.14793652682873937,0.20979145104333244,0.08013626282347143,B
8.925588794346853,26.059523536797265,59.46674281906357,245.20854586435,0.09861592970077862,0.1558352736900452,0.19302789886510222,0.08994632814660343,B
19.158215179693762,27.16050565603101,74.42732175491498,383.7829958197394,0.12217644863329775,0.11728057907385983,0.18923457848084324,0.06921393362059924,M
16.545329044149188,13.774783739470218,86.33104614226541,539.2763134472281,0.10672730835600823,0.12805798804871604,0.19502826039691645,0.0683330720270887,B
10.006899296588045,15.051973964913156,172.00331699587244,1892.513000395898,0.10725004830874608,0.26721771605403594,0.181489106814825,0.06836282674139069,M
24.044795306819005,17.086251935507068,58.442850265884154,262.46783249035894,0.07632333628228087,0.08836142687078258,0.23427851924166723,0.07044691415525253,B
13.817636468861497,13.162848469787354,122.3447287163925,1093.7287431573689,0.09887945870348129,0.10450816514794711,0.21307335520048112,0.06005275805892856,M
22.006825597263724,14.917244422963241,82.33334577087969,524.5317843810573,0.08199689377324859,0.042093404696519635,0.18292840882479391,0.054986531156332646,B
14.390289988314278,16.09230715778971,78.21112098510349,384.21920738321893,0.07008234913678235,0.28527469052464816,0.26060834944879063,0.09652350611897408,M
15.031271121968745,14.759592878033175,101.70660585103626,747.423865211027,0.10829743016335898,0.17023395825600804,0.19111348855938853,0.06504360856648425,M
18.732546394833218,27.033460209684446,61.86205279706733,266.835751313137,0.10122500933657964,0.056945166282578154,0.13545504026590174,0.06917384911068167,B
18.872361406114173,21.54143929711564,87.07113150331645,574.203799417624,0.07641672897090397,0.06024552386158052,0.13335318022776418,0.06015399465688272,B
9.087357068300683,12.577757909708852,133.37229299975417,1355.563304670558,0.1427902840799243,0.08278332609629184,0.18224428375414442,0.05731083191713271,B
11.165490994107437,20.95424173368646,127.76155323743458,1156.1416184740829,0.09407708480077208,0.17324197734402075,0.18777895119516377,0.06291971133817106,M
17.25457650050023,12.223383510322524,95.0289351306442,635.8651876557626,0.09819721725142493,0.11090539198573227,0.1905497580522039,0.06137746457347609,M
10.210701760114576,16.175916832858096,95.74481023381482,695.9428296250431,0.09931502632940978,0.0721614972929315,0.16013863822337832,0.05947761340510637,M
10.960905449324004,11.536476296240716,126.76702147698143,1094.4190369635837,0.09219701748001165,0.22225537503316967,0.23032890200332115,0.06321442939834361,M
10.569418588900168,21.26913357480451,98.28085140124647,679.322685916524,0.11737008205576643,0.15068394842275754,0.19546115632234884,0.06728168618397021,M
15.207151035020875,20.664190134141364,88.61386634224725,544.8593238129308,0.10402109383460921,0.1440500446710719,0.19703239512178897,0.06779057042958021,M
11.021746816869863,21.16275740987221,119.64867742161195,1004.9176404414056,0.10768444111382972,0.21792954165351464,0.21422821572378345,0.06687909850535881,M
20.208673143719075,13.675972820132092,86.92693375766434,535.8761267975883,0.11552572124730025,0.12723059026395941,0.21164821888366522,0.06808278943142028,M
11.06724610195601,20.496059314662524,96.02267872642034,662.2207121813433,0.11760815403341625,0.15036814781308938,0.1942285087468116,0.0668417987055515,M
17.002320663537205,24.05338790496907,60.78946037375056,289.3806918252909,0.10203095289010879,0.06855691924125852,0.18125322991958873,0.06872572747535256,B
19.94651555080396,26.775434943439524,100.9519393311898,685.8698642963391,0.1059941185802399,0.21301991752370067,0.2514799233246685,0.06984782450565166,M
21.23456355364663,26.94131247191193,128.5660035800293,1200.2089525514828,0.12596372511445272,0.16178175925571842,0.2032805617467345,0.06077980623409602,M
14.05734177286111,13.02223457192628,119.05849037080934,1104.0426318848886,0.09791582605345923,0.11426946267654818,0.21338113296097524,0.06038464227002839,M
22.84488755248478,26.17132640184621,77.37851067886606,413.70576350412847,0.11001787303683748,0.15661684261331252,0.23048176479716148,0.07738395721812444,M
18.683039930370672,25.45318035762732,93.89087940966859,615.4183537502047,0.09281636306446268,0.10207902332675539,0.20658971255730163,0.05638847929829807,M
15.853320482999102,17.57145956782187,146.75211629763683,1243.3976520606514,0.13102753523936306,0.3491463376695473,0.29027500020084074,0.08047889731927846,M
9.214465722989038,18.429932694564798,134.90457677985842,1301.2669699733947,0.14046487905276614,0.13942054081961117,0.18106845873027255,0.05886429708262977,M
17.528882142189023,11.107140786190469,124.24482233094818,1089.4352380989244,0.10819635538365366,0.1672400613096814,0.19157194833598384,0.05984490833234386,M
18.405077275921677,24.820523765244904,95.25925077645682,709.779186155574,0.09049597203819688,0.0699276685469567,0.1646789328330503,0.05640668437043208,M
22.249970350493818,24.784591916726136,90.29117799458881,602.7638558932222,0.10102851079249586,0.13284800593774224,0.16615346068591794,0.06599209336219813,M
17.147238189776093,10.91517618324644,84.59130072288919,540.9104358664531,0.09973728424721696,0.08268886756957855,0.18769835948982475,0.0585257353749612,B
10.167668163800286,18.952175354538927,126.71080413435241,1167.296071896414,0.10404595135881577,0.13262570054757467,0.190451764375264,0.06081046306662161,M
20.632785994001278,10.33776616237175,82.92611746633158,511.65564039836295,0.08995014952275929,0.041536127602179354,0.14494057777261218,0.058716466875967724,B
8.864485301397188,12.823183416253936,112.24615890170453,921.4558719936379,0.11294342722684775,0.14095029340806062,0.19849173033615444,0.06306551789133884,M
18.18102159825143,12.179825131763703,95.83933808438395,643.889695583521,0.09740636763385259,0.10988361796036937,0.19040492376759444,0.06173312060043188,M
9.809330199550713,15.339782345098676,171.26395060551513,1867.762674956637,0.10661640551464366,0.272910609708431,0.18318001323214564,0.06811660895299836,M
20.885443399457557,27.040796201464293,130.88382657783723,1238.8477137912475,0.12542539068901515,0.15894253852166934,0.20749222704535775,0.05950272186738415,M
18.136800985803365,11.860361320725108,73.41269733323715,408.71477406117634,0.08034509119525089,0.04375603418835755,0.15328480197173328,0.05663932226174203,B
10.244730149746784,15.488897659435734,172.0715815439283,1888.4275433501277,0.10579962020823971,0.2654164353365365,0.18270604284059708,0.06804630871080536,M
18.884242535704676,11.881940773196854,139.1834945991916,1427.2077941275218,0.09336284035518344,0.10585604627390871,0.17528152722412893,0.052685840138754846,M
11.095455241430521,11.062445832947956,128.66794091819253,1120.5776439863332,0.09139617576353244,0.21525799616804803,0.22884121130591462,0.06281006650808385,M
19.001229555574042,27.254072644033155,114.17000869437666,911.3633105560984,0.11819964632444589,0.2306636123845727,0.3038858150775287,0.07368541666708318,M
15.392984756206188,17.747654354972102,66.57997182789127,324.04026287687657,0.11229755726230874,0.0865734307147412,0.27461548109204165,0.07039538023135045,B
19.83487386250434,20.73899278946974,76.46206379886776,431.8066579416136,0.10307341900175158,0.09261131522348948,0.16818971275900063,0.06006393882194031,B
12.041479059822079,12.743044184162127,58.655731106120456,259.83640473925834,0.1037664190636867,0.07505085800079135,0.17169212123671132,0.06851618676942395,B
10.696737659841402,15.251732204301193,98.48037922286741,699.2600007959305,0.09542436348349817,0.05234194108776964,0.15753663836817094,0.054703629224712495,M
9.526690763104167,16.998878373989697,86.56943659453172,553.4904264429086,0.1026733802755641,0.09024980236687108,0.1630428527621639,0.05691057195774608,B
24.77500428360249,24.9263513558487,83.52801148257407,473.75240749201015,0.1270143917679919,0.17378949057118517,0.206909725988171,0.07617929288618687,B
17.64160154653065,24.946230762751046,95.67218487243997,722.0267606000491,0.09166533288514908,0.0703721578066557,0.1623984830151718,0.05722394275690243,M
15.406616992655117,14.961766922215325,103.02476924268169,746.1995732769423,0.10767727712047065,0.1653877662203034,0.1937982618871415,0.06510758137339737,M
19.109830435983337,22.205770440071902,87.51353325233521,568.7507567924155,0.07797408939260496,0.059865956181969326,0.13480439836560307,0.05965824187748802,B
10.795511896745618,11.370125093744914,128.42738634907965,1103.809534996372,0.09071345727888408,0.21552455960784186,0.22940713446583547,0.06265804415858037,M
16.927646776337404,24.39594593439464,60.888481795546845,286.9981978558671,0.10210417537896882,0.06196458404981947,0.18006430509281413,0.06885503279764484,B
9.840946195827913,14.31921630687678,86.8726410042823,529.6847557169515,0.09562235696993274,0.10767520622672909,0.1769058353340942,0.062158142739668666,M
8.751184786486883,18.873191195971184,134.73345549689873,1300.613474536713,0.14054701792474641,0.13534932295983385,0.1793144578382257,0.058514352492840954,M
11.506248001202557,11.097229693791084,127.46513186302832,1115.0507805401078,0.09072306882966989,0.2190425760079276,0.22992441647161033,0.06270434404031903,M
17.783806214935296,24.88572517363455,98.10944719555692,715.5753926008568,0.09060901977793023,0.07229747869054119,0.16107014722004853,0.057180477054356534,M
24.89384754582776,15.282640995598735,55.22923454021004,216.9812208978126,0.12460598614107087,0.0945597702472225,0.18474521058004997,0.06814996991882466,B
10.885824585928011,15.859816812601856,114.78971681914675,937.7022529794609,0.09851826601189405,0.11505733887417743,0.17489581483137243,0.061311933040904064,M
18.221055466557477,24.747260230742132,96.4149969312712,696.5536006838475,0.09141628030298218,0.06873703688367702,0.15888022834669607,0.05718080684259022,M
23.23000920253561,12.132762648562677,150.61109714803555,938.2504637010635,0.14276342853224452,0.27818735954697116,0.24383004141746858,0.07903806771173603,M
15.239065984847008,21.21136333846869,84.87149932994672,563.8271946221654,0.10380162524760633,0.1444339760645811,0.1951275878680695,0.06746808255299667,M
17.918295180441927,12.799196891413338,72.6442381973172,426.4602206082547,0.09422510582659657,0.05549695507997576,0.19183533339790354,0.05853803033424264,B
20.003270555035858,13.844356810905248,127.63188155214557,1146.5576932545273,0.12189916937697129,0.17907321029311546,0.16463201161536536,0.07313051409592682,M
21.36931545577034,26.953316528966567,128.96916617940727,1179.8204172153603,0.12468581741694651,0.15774950643980698,0.20776661809760766,0.06058230314047804,M
20.9398317232811,27.19121614636208,130.47223588423608,1226.5576526597092,0.12436554146386151,0.16044151821714106,0.20609566312471755,0.06086708870728525,M
14.31793189313978,12.630446258333631,120.08478140294186,1080.3609054678075,0.09987775909539309,0.10702796888792426,0.21255268718445436,0.05978903312989115,M
13.974205839418506,13.912080695034716,83.50615166549346,545.4937005026549,0.07508584781410835,0.05317893632687949,0.14127477646021971,0.0533895258678909,B
25.26955404172215,14.872804467116575,56.80340761120924,227.55459395260837,0.1242931513803912,0.09619162290248062,0.18398443590999722,0.06854754593114318,B
8.896296608891253,13.100800087011544,110.86999588662259,912.8786887455277,0.11227484539206248,0.1424471883882995,0.20099424042716144,0.06253418456180902,M
9.767822279856322,18.386447266437475,74.9967332920393,387.66801859939517,0.10910940094202878,0.09554116712315518,0.18443321577030974,0.06956460403026542,B
15.211185067305003,13.518018608352264,106.48189768120994,783.6131166509723,0.11567355755263713,0.19700446581859984,0.2174518258799015,0.07415698391838238,M
23.093747680508095,27.046730546404522,95.14902229146855,639.600833509492,0.09028915276978393,0.08627992325866195,0.16791197404304598,0.05872173324869455,B
19.651533125030227,13.956564816771937,85.59978290355949,524.7674778637135,0.11643365848627014,0.12527286201217938,0.21480008241990284,0.06819065194367774,M
16.11004246761502,27.154241165032097,94.9789438927567,641.6772612379317,0.09729651661931725,0.11435002331890835,0.18658912676032557,0.06400845432725184,M
16.84919119660128,10.748487662083907,86.24067658592789,583.1100372935044,0.09837608360403405,0.08378497226840315,0.18867320623094005,0.05768005073140754,B
15.465040719910675,15.046848577921907,100.93156710872633,736.086580084866,0.10734591342340949,0.1713880355971088,0.19040884838571656,0.06479018487535429,M
15.547292517878704,27.072716694292115,92.53279651500894,608.9305677870454,0.09853284917263086,0.11414000138850901,0.18879779273247838,0.06352874869770751,M
10.921145388895019,15.688756249973338,115.41043084441027,970.8735180402269,0.09782760992741153,0.1136908649098445,0.1767685764252941,0.06116435809842998,M
12.025228120763687,21.88240440585854,102.71830391442661,761.3271479443999,0.08537939126848879,0.098828669187761,0.18445703244652698,0.05277532019137208,M
23.206519662667386,26.03599858430396,55.56305918190027,229.01444613636343,0.09834565953921118,0.056824893348639556,0.16717364966910916,0.07188609795653682,B
24.91385946374699,24.956106563118986,82.31284128696792,469.7632100439336,0.12819006420330606,0.17259993369816906,0.2109476993047228,0.07653404447015706,B
24.135773402796005,17.11307354513972,58.16367630287319,238.01215898052044,0.07727102528344332,0.0876622466756601,0.2352425042293046,0.07065858978683244,B
24.951514505549778,14.849478001062806,56.308886937099494,224.3388046712621,0.12395606326577378,0.09014793647571827,0.18531778119711864,0.06802928316922775,B
21.217071555511005,17.76316584229116,122.73329841659414,1147.8308272583524,0.08941361178340962,0.11230354453387383,0.15756754436100992,0.054576930907994925,M
18.960499285012798,26.7488096492964,114.95093570566954,907.1678266007568,0.12015118840215247,0.2276088427997448,0.3028725854256063,0.07408753353174438,M
17.094610643098978,11.082699135838856,86.46765899395989,585.4606983145289,0.0982636538442882,0.08177674134832302,0.18997713692040555,0.05818739647162627,B
12.018816084832721,12.989501281240864,61.15808990656562,270.4437595074927,0.10382643844413615,0.07835269335429812,0.17297949919026442,0.06878879709089529,B
20.218640626855496,18.170025124569253,110.86590713031568,928.5561518323107,0.11940072832604061,0.14821181082313806,0.22151132039410698,0.06388810119170132,M
12.206266346742773,21.666208381590046,101.07629979132945,825.452636488045,0.08420723225488792,0.09722605464940463,0.1836782638838244,0.0532392844773744,M
23.044464090309685,25.950124326992192,52.85641706929707,205.08998768229358,0.09823812700443535,0.05446677168299803,0.16769532829224962,0.07173105879036237,B
15.805276095075564,23.879027043379473,122.75082241343084,1129.4119289234452,0.09399956664564064,0.11120376376235099,0.17202221977791016,0.05703798416701973,M
22.7593506973549,26.012938054402056,79.87770451985561,445.6181106977123,0.11103259700397941,0.15422006398189358,0.23073721603851244,0.0782065493328241,M
22.09449781807143,16.02208543807295,79.93421569860143,505.81142022815914,0.09924892289146403,0.09456665519710453,0.1744643419612698,0.05997709866034549,B
19.69770960914082,14.189901263472487,131.46252536562622,1275.7460209016633,0.09669620111934255,0.10314601764406574,0.1597348997098623,0.05448821793976667,M
21.756448698656126,15.474331727345456,83.32300887500726,492.62437766045366,0.09948776791103207,0.09744284261928361,0.1718947231590863,0.060445051482506666,B
12.020599776832746,13.270753434730967,58.697035933558006,253.81240358227194,0.10453280130010607,0.07992905330917793,0.1723087376428843,0.06931948746255705,B
25.359036942326878,14.47393983924424,76.23908648319414,441.84170815576306,0.0834429558924526,0.04368599823908005,0.18676356070735733,0.06118566711869014,B
21.29693492584558,10.723592322186082,84.64798763829027,538.8795807538128,0.08863773796570998,0.0383830018001953,0.14749690114958133,0.05899965191485817,B
20.57078982478384,18.301068493667277,124.17182040021031,1127.5551701703168,0.08961681977388762,0.10241067705391822,0.15889759959499128,0.05439591169454136,M
16.986132670981892,20.924762062908922,85.13726435317078,508.46263846312155,0.10824533144309034,0.15426200820200792,0.1946851367051151,0.06944832417200991,B
